url	first_seen	portal	title	company	location	work_mode	contract	status
https://www.eurobrussels.com/job_display/289471/Legal_Officer_Internal_Market_Affairs_Transport_ESA_EFTA_Surveillance_Authority_Brussels_Belgium	2026-04-08	Cheerio: EuroBrussels	Legal Officer - Internal Market Affairs - Transport	EuroBrussels				skipped_title
https://www.eurobrussels.com/job_display/289450/EU_Global_Health_Policy_Training_Impactful_Policy_Careers_Brussels_Belgium	2026-04-08	Cheerio: EuroBrussels	EU Global Health Policy Training	EuroBrussels				skipped_title
https://www.eurobrussels.com/job_display/289444/Communications_Officer_EGEC_European_Geothermal_Energy_Council_Brussels_Belgium	2026-04-08	Cheerio: EuroBrussels	Communications Officer	EuroBrussels				added
https://www.eurobrussels.com/job_display/289343/Communications_and_Advocacy_Trainee_EFIC_European_Pain_Federation_Brussels_Belgium	2026-04-08	Cheerio: EuroBrussels	Communications and Advocacy Trainee	EuroBrussels				skipped_title
https://www.eurobrussels.com/job_display/289338/Experienced_Derivatives_and_Market_Intelligence_Officer_ESM_European_Stability_Mechanism_Luxembourg_Luxembourg	2026-04-08	Cheerio: EuroBrussels	Experienced Derivatives and Market Intelligence Officer	EuroBrussels				skipped_title
https://www.eurobrussels.com/job_display/289324/Legal_Officer_EUMETSAT_European_Organisation_for_the_Exploitation_of_Meteorological_Satellites_Darmstadt_Germany	2026-04-08	Cheerio: EuroBrussels	Legal Officer	EuroBrussels				skipped_title
https://www.eurobrussels.com/job_display/289288/Grants_Office_Lead_EMBL_European_Molecular_Biology_Laboratory_Heidelberg_Germany	2026-04-08	Cheerio: EuroBrussels	Grants Office Lead	EuroBrussels				skipped_title
https://www.eurobrussels.com/job_display/289286/Grants_Officer_EMBL_European_Molecular_Biology_Laboratory_Heidelberg_Germany	2026-04-08	Cheerio: EuroBrussels	Grants Officer	EuroBrussels				skipped_title
https://www.eurobrussels.com/job_display/289295/Policy_Economic_and_Operations_Officer_ECSDA_European_Central_Securities_Depositories_Association_Brussels_Belgium	2026-04-08	Cheerio: EuroBrussels	Policy, Economic and Operations Officer	EuroBrussels				skipped_title
https://www.eurobrussels.com/job_display/289283/HR_Partner_VA_06_2026_EFTA_Secretariat_Brussels_Belgium	2026-04-08	Cheerio: EuroBrussels	HR Partner - VA 06/2026	EuroBrussels				skipped_title
https://www.eurobrussels.com/job_display/289282/Temporary_HR_Coordinator_Administration_ADM_VA_07_2026_EFTA_Secretariat_Brussels_Belgium	2026-04-08	Cheerio: EuroBrussels	Temporary HR Coordinator - Administration (ADM) - VA 07/2026	EuroBrussels				skipped_title
https://www.eurobrussels.com/job_display/289258/EU_Funding_and_Communications_Officer_Gothenburg_European_Office_Brussels_Belgium	2026-04-08	Cheerio: EuroBrussels	EU Funding and Communications Officer	EuroBrussels				added
https://www.eurobrussels.com/job_display/289254/Senior_Policy_Adviser_EUROPEX_Association_of_European_Energy_Exchanges_Brussels_Belgium	2026-04-08	Cheerio: EuroBrussels	Senior Policy Adviser	EuroBrussels				skipped_title
https://www.eurobrussels.com/job_display/289215/Appel_Candidatures_Assesseurs_HCR_la_CNDA_UNHCR_Paris_Montreuil_Bordeaux_Lyon_Marseille_Nancy_Nantes_or_Toulouse_France	2026-04-08	Cheerio: EuroBrussels	Appel à Candidatures - Assesseurs HCR à la CNDA	EuroBrussels				skipped_title
https://www.eurobrussels.com/job_display/289212/EU_Projects_Officer_EHPA_European_Heat_Pump_Association_Brussels_Belgium	2026-04-08	Cheerio: EuroBrussels	EU Projects Officer	EuroBrussels				skipped_title
https://www.eurobrussels.com/job_display/289210/Climate_Energy_Attach_BEL26_003016_FCDO_Foreign_Commonwealth_Development_Office_Brussels_Belgium	2026-04-08	Cheerio: EuroBrussels	Climate & Energy Attaché (BEL26-003016)	EuroBrussels				skipped_title
https://www.eurobrussels.com/job_display/289123/Adviseur_Public_Affairs_EU_Brainport_Development_Brussels_or_Eindhoven_Multiple_Countries	2026-04-08	Cheerio: EuroBrussels	Adviseur Public Affairs EU	EuroBrussels				added
https://www.eurobrussels.com/job_display/289119/EHS_and_Sustainability_Regulatory_Consultant_for_Czech_Slovak_Speaking_Jurisdictions_Enhesa_Brussels_Belgium	2026-04-08	Cheerio: EuroBrussels	EHS and Sustainability Regulatory Consultant for Czech & Slovak Speaking Jurisdictions	EuroBrussels				skipped_title
https://www.eurobrussels.com/job_display/289110/Account_Manager_EU_Electica_Europe_Remote_Belgium_or_Anywhere_in_Europe_Multiple_Countries	2026-04-08	Cheerio: EuroBrussels	Account Manager EU	EuroBrussels				skipped_title
https://www.eurobrussels.com/job_display/288733/Junior_Regulatory_Affairs_and_Advocacy_Officer_IOFI_International_Organization_of_the_Flavor_Industry_Brussels_Belgium	2026-04-08	Cheerio: EuroBrussels	Junior Regulatory Affairs and Advocacy Officer	EuroBrussels				skipped_title
https://www.eurobrussels.com/job_display/289065/EU_Project_Officer_RI_Policy_EuroTech_Universities_Alliance_Brussels_Belgium	2026-04-08	Cheerio: EuroBrussels	EU Project Officer - R&I Policy	EuroBrussels				skipped_title
https://www.eurobrussels.com/job_display/289058/Director_m_f_d_Energy_Resources_adelphi_Berlin_Germany	2026-04-08	Cheerio: EuroBrussels	Director (m/f/d) - Energy & Resources	EuroBrussels				skipped_title
https://www.eurobrussels.com/job_display/289039/Policy_Officer_Ocean_Energy_Europe_Brussels_Belgium	2026-04-08	Cheerio: EuroBrussels	Policy Officer	EuroBrussels				skipped_title
https://www.eurobrussels.com/job_display/289020/Tender_Notice_Procurement_and_Delivery_of_Microsoft_Licenses_International_IDEA_The_International_Institute_for_Democracy_and_Electoral_Assistance_Multiple_Countries	2026-04-08	Cheerio: EuroBrussels	Tender Notice - Procurement and Delivery of Microsoft Licenses	EuroBrussels				skipped_title
https://www.eurobrussels.com/job_display/288946/Sector_Group_Manager_Specialty_Chemicals_CEFIC_European_Chemical_Industry_Council_Brussels_Belgium	2026-04-08	Cheerio: EuroBrussels	Sector Group Manager, Specialty Chemicals	EuroBrussels				skipped_title
https://www.eurobrussels.com/job_display/288909/Communications_Officer_BEUC_The_European_Consumer_Organisation_Brussels_Belgium	2026-04-08	Cheerio: EuroBrussels	Communications Officer	EuroBrussels				added
https://www.eurobrussels.com/job_display/288907/Chief_Representative_EJF_Environmental_Justice_Foundation_Madrid_Spain	2026-04-08	Cheerio: EuroBrussels	Chief Representative	EuroBrussels				skipped_title
https://www.pracuj.pl/praca/specjalista-specjalistka-ds-pr-warszawa-czerniakowska-87a,oferta,1004757507	2026-04-08	Playwright: Pracuj.pl — PR & Communications	Specjalista / Specjalistka ds. PR	InPost	Warszawa, Mokotów	Praca stacjonarna, Praca hybrydowa	Pełny etat, Umowa o pracę	added
https://www.pracuj.pl/praca/pr-manager-katowice-staromiejska-21,oferta,1004743848	2026-04-08	Playwright: Pracuj.pl — PR & Communications	PR Manager	zondacrypto	Cała Polska (praca zdalna)	praca zdalna	Pełny etat, Kontrakt B2B	added
https://www.pracuj.pl/praca/pr-specialist-content-manager-f-m-x-warszawa-aleja-niepodleglosci-69,oferta,1004725983	2026-04-08	Playwright: Pracuj.pl — PR & Communications	PR Specialist - Content Manager (f/m/x)	Sii Sp. z o.o.	Warszawa, Mokotów	Praca stacjonarna, Praca hybrydowa	Pełny etat, Umowa o pracę	added
https://www.pracuj.pl/praca/starszy-specjalista-ds-pr-k-m-warszawa-niedzwiedzia-39,oferta,1004745672	2026-04-08	Playwright: Pracuj.pl — PR & Communications	Starszy Specjalista ds. PR (k/m)	SOS Wioski Dziecięce w Polsce	Warszawa, Mokotów	Praca stacjonarna	Pełny etat, Umowa o pracę	added
https://www.pracuj.pl/praca/staz-w-obszarze-pr-komunikacji-korporacyjnej-dostawca-uslug-i-technologii-dla-bi-warszawa,oferta,1004727540	2026-04-08	Playwright: Pracuj.pl — PR & Communications	Staż w obszarze PR / komunikacji korporacyjnej – dostawca usług i technologii dla biznesu	4 850 zł / mies. (zal. od umowy)	Warszawa	Praca stacjonarna, Praca hybrydowa	Pełny etat, Część etatu, Umowa zlecenie	skipped_title
https://www.pracuj.pl/praca/senior-influencer-marketing-pr-specialist-k-m-warszawa,oferta,1004752642	2026-04-08	Playwright: Pracuj.pl — PR & Communications	Senior Influencer Marketing & PR Specialist (K/M)	EURUS Sp z o.o.	Warszawa	Praca hybrydowa	Pełny etat, Umowa o pracę, Kontrakt B2B	skipped_title
https://www.pracuj.pl/praca/public-affairs-intern-agencja-pr-warszawa,oferta,1004725239	2026-04-08	Playwright: Pracuj.pl — PR & Communications	Public Affairs Intern – agencja PR	4 850 zł / mies. (zal. od umowy)	Warszawa	Praca stacjonarna, Praca hybrydowa	Pełny etat, Część etatu, Umowa zlecenie	skipped_title
https://www.pracuj.pl/praca/public-relations-intern-agencja-pr-warszawa,oferta,1004725238	2026-04-08	Playwright: Pracuj.pl — PR & Communications	Public Relations Intern – agencja PR	4 850 zł / mies. (zal. od umowy)	Warszawa	Praca stacjonarna, Praca hybrydowa	Pełny etat, Część etatu, Umowa zlecenie	skipped_title
https://www.pracuj.pl/praca/specjalista-ds-marketingu-i-pr-warszawa,oferta,1004728826	2026-04-08	Playwright: Pracuj.pl — PR & Communications	Specjalista ds. marketingu i PR	HSP Management Sp. z o.o.	Warszawa	Praca stacjonarna, Praca hybrydowa	Pełny etat, Umowa o pracę, Umowa zlecenie, Kontrakt B2B	added
https://www.pracuj.pl/praca/mlodszy-specjalista-specjalistka-ds-marketingu-i-pr-szpital-mavit-warszawa-podlesna-61,oferta,1004728144	2026-04-08	Playwright: Pracuj.pl — PR & Communications	Młodszy Specjalista/Specjalistka ds. Marketingu i PR (Szpital MAVIT)	LUX MED Sp. z o.o.	Warszawa, Bielany	Praca stacjonarna	Pełny etat, Umowa o pracę	added
https://www.pracuj.pl/praca/specjalista-specjalistka-ds-pr-i-marketingu-kajetany-pow-pruszkowski-mokra-7,oferta,1004751023	2026-04-08	Playwright: Pracuj.pl — PR & Communications	Specjalista / Specjalistka ds. PR i marketingu	"CENTRUM SŁUCHU I MOWY" - sp. z o.o.		Praca stacjonarna	Pełny etat, Umowa o pracę	added
https://www.pracuj.pl/praca/senior-pr-project-executive-warszawa,oferta,1004735553	2026-04-08	Playwright: Pracuj.pl — PR & Communications	Senior PR Project Executive	LIGHTHOUSE SPÓŁKA Z OGRANICZONĄ ODPOWIEDZIALNOŚCIĄ	Warszawa	Praca hybrydowa	Pełny etat, Umowa o pracę	added
https://www.pracuj.pl/praca/influencer-pr-manager-warszawa,oferta,1004749050	2026-04-08	Playwright: Pracuj.pl — PR & Communications	Influencer & PR Manager	A-ESTETYKA sp. z o.o.	Warszawa	Praca stacjonarna, Praca hybrydowa	Pełny etat, Umowa o pracę, Umowa zlecenie, Kontrakt B2B	skipped_title
https://www.pracuj.pl/praca/specjalista-ka-ds-influencer-socialmedia-i-pr-warszawa,oferta,1004747600	2026-04-08	Playwright: Pracuj.pl — PR & Communications	Specjalista (-ka) ds. Influencer, SocialMedia i PR	TRILUMA sp. z o.o.	Cała Polska (praca zdalna)	praca zdalna	Część etatu, Umowa zlecenie, Kontrakt B2B	skipped_title
https://www.pracuj.pl/praca/pr-manager-poland-warszawa,oferta,1004707893	2026-04-08	Playwright: Pracuj.pl — PR & Communications	PR Manager - Poland	ROBOROCK	Warszawa	Praca stacjonarna	Pełny etat, Umowa o pracę	added
https://www.pracuj.pl/praca/junior-pr-specialist-warszawa,oferta,1004738594	2026-04-08	Playwright: Pracuj.pl — PR & Communications	Junior PR Specialist	Klient Pracuj.pl	Cała Polska (praca zdalna)	praca zdalna	Pełny etat, Umowa o pracę	skipped_title
https://www.pracuj.pl/praca/pr-account-manager-healthcare-warszawa-koszykowa-59,oferta,1004703942	2026-04-08	Playwright: Pracuj.pl — PR & Communications	PR Account Manager (healthcare)	45PR SPÓŁKA Z OGRANICZONĄ ODPOWIEDZIALNOŚCIĄ	Warszawa, Śródmieście	Praca hybrydowa	Pełny etat, Umowa o pracę	added
https://www.pracuj.pl/praca/stazysta-stazystka-w-dziale-pr-grodzisk-mazowiecki-ksiecia-jozefa-poniatowskiego-5,oferta,1004697340	2026-04-08	Playwright: Pracuj.pl — PR & Communications	Stażysta / Stażystka w Dziale PR	Gedeon Richter Polska Sp. z o.o.		Praca stacjonarna	Pełny etat, Umowa zlecenie	skipped_title
https://www.pracuj.pl/praca/pr-manager-pr-managerka-warszawa-adama-branickiego-17,oferta,1004694586	2026-04-08	Playwright: Pracuj.pl — PR & Communications	PR Manager / PR Managerka	Maczfit	Warszawa, Wilanów	Praca hybrydowa	Pełny etat, Kontrakt B2B	added
https://www.pracuj.pl/praca/pr-manager-managerka-warszawa-domaniewska-45,oferta,1004694411	2026-04-08	Playwright: Pracuj.pl — PR & Communications	PR Manager/Managerka	POLSKA PRESS SPÓŁKA Z OGRANICZONĄ ODPOWIEDZIALNOŚCIĄ	Warszawa, Mokotów	Praca stacjonarna	Pełny etat, Umowa o pracę	added
https://www.pracuj.pl/praca/starszy-specjalista-starsza-specjalistka-ds-marketingu-i-pr-warszawa-poleczki-19,oferta,1004711456	2026-04-08	Playwright: Pracuj.pl — PR & Communications	Starszy specjalista / Starsza specjalistka ds. marketingu i PR	Politechnika Warszawska	Warszawa, Ursynów	Praca stacjonarna	Pełny etat, Umowa o pracę	added
https://www.pracuj.pl/praca/projektant-pudelek-do-wysylki-kreatywnej-pr-influencer-warszawa,oferta,1004707576	2026-04-08	Playwright: Pracuj.pl — PR & Communications	Projektant pudełek do wysyłki kreatywnej PR - Influencer	MIRAGE HOBBY ADAM ZIELIŃSKI	Warszawa	Praca stacjonarna	Pełny etat, Umowa o pracę, Umowa zlecenie, Kontrakt B2B	skipped_title
https://www.pracuj.pl/praca/staz-platinium-cast-academy-program-rozwojowy-dla-studentow-i-mlodych-talentow-warszawa,oferta,1004756318	2026-04-08	Playwright: Pracuj.pl — PR & Communications	Staż Platinium Cast Academy – Program Rozwojowy dla Studentów i Młodych Talentów	PLATINIUM CAST SPÓŁKA Z OGRANICZONĄ ODPOWIEDZIALNOŚCIĄ	Warszawa	Praca hybrydowa	Pełny etat	skipped_title
https://www.pracuj.pl/praca/specjalista-specjalistka-ds-komunikacji-branza-beauty-warszawa-salsy-2,oferta,1004743834	2026-04-08	Playwright: Pracuj.pl — PR & Communications	Specjalista / Specjalistka ds. komunikacji - branża Beauty	Orbico Sp. z o.o. oddział Beauty	Warszawa, Ursynów	Praca hybrydowa	Pełny etat, Umowa o pracę	added
https://www.pracuj.pl/praca/manager-ds-komunikacji-warszawa,oferta,1004749199	2026-04-08	Playwright: Pracuj.pl — PR & Communications	Manager ds. Komunikacji	Advisory Group TEST Human Resources	Warszawa	Praca hybrydowa	Pełny etat, Umowa o pracę	added
https://www.pracuj.pl/praca/starsza-specjalistka-starszy-specjalista-w-dziale-komunikacji-i-marketingu-warszawa,oferta,1004755317	2026-04-08	Playwright: Pracuj.pl — PR & Communications	Starsza Specjalistka / Starszy Specjalista w Dziale Komunikacji i Marketingu	Giełda Papierów Wartościowych w Warszawie S.A	Warszawa	Praca hybrydowa	Pełny etat, Umowa o pracę	skipped_title
https://www.pracuj.pl/praca/praktyki-letnie-w-dziale-employer-brandingu-eb-warszawa-dolna-3,oferta,1004754461	2026-04-08	Playwright: Pracuj.pl — PR & Communications	Praktyki letnie w dziale Employer Brandingu (EB)	Biedronka (Jeronimo Martins Polska S.A.)	Warszawa, Mokotów	Praca stacjonarna	Umowa zlecenie	skipped_title
https://www.pracuj.pl/praca/specjalista-specjalistka-ds-marketingu-warszawa-zwolenska-43,oferta,1004754460	2026-04-08	Playwright: Pracuj.pl — PR & Communications	Specjalista / Specjalistka ds. marketingu	SEMICON Sp. z o.o.	Warszawa, Wawer	Praca stacjonarna	Pełny etat, Umowa o pracę	skipped_title
https://www.pracuj.pl/praca/senior-account-executive-warszawa-domaniewska-44a,oferta,1004754090	2026-04-08	Playwright: Pracuj.pl — PR & Communications	Senior Account Executive	Publicis Groupe	Warszawa, Mokotów	Praca hybrydowa	Pełny etat, Umowa o pracę	skipped_title
https://www.pracuj.pl/praca/public-relations-senior-account-manager-k-m-warszawa-wiejska-17,oferta,1004754028	2026-04-08	Playwright: Pracuj.pl — PR & Communications	Public Relations Senior Account Manager (K/M)	SEC NEWGATE CEE Sp. z o.o.	Warszawa, Śródmieście	Praca hybrydowa	Pełny etat, Umowa o pracę, Umowa zlecenie, Kontrakt B2B	added
https://www.pracuj.pl/praca/specjalista-specjalistka-ds-komunikacji-projektow-edukacyjnych-i-szkoleniowych-warszawa,oferta,1004723246	2026-04-08	Playwright: Pracuj.pl — PR & Communications	Specjalista / Specjalistka ds. komunikacji projektów edukacyjnych i szkoleniowych	Fundacja Orange	Warszawa	Praca hybrydowa	Pełny etat, Umowa o pracę, Kontrakt B2B	added
https://www.pracuj.pl/praca/mlodszy-ekspert-mlodsza-ekspertka-ds-komunikacji-korporacyjnej-warszawa-woloska-16,oferta,1004713724	2026-04-08	Playwright: Pracuj.pl — PR & Communications	Młodszy Ekspert / Młodsza Ekspertka ds. Komunikacji Korporacyjnej	Lidl sp. z o.o. sp. k.	Warszawa, Mokotów	Praca hybrydowa	Pełny etat, Umowa o pracę	added
https://www.pracuj.pl/praca/associate-graduate-program-commercial-eu-technical-sales-trainee-packaging-adhes-warszawa-domaniewska-41,oferta,1004736430	2026-04-08	Playwright: Pracuj.pl — PR & Communications	Associate Graduate Program Commercial EU - Technical Sales Trainee Packaging - Adhesive Technology	Henkel Polska Sp. z o.o.	Warszawa, Mokotów	Praca hybrydowa	Pełny etat, Umowa o pracę	skipped_title
https://www.pracuj.pl/praca/ekspert-ekspertka-ds-employer-brandingu-warszawa,oferta,1004736137	2026-04-08	Playwright: Pracuj.pl — PR & Communications	Ekspert / Ekspertka ds. Employer Brandingu	Polska Spółka Gazownictwa sp. z o.o.	Warszawa	Praca hybrydowa	Pełny etat, Umowa o pracę	skipped_title
https://www.pracuj.pl/praca/marketing-specialist-warszawa-komitetu-obrony-robotnikow-70,oferta,1004712794	2026-04-08	Playwright: Pracuj.pl — PR & Communications	Marketing Specialist	LOXONE POLAND SP. Z O.O.	Warszawa, Włochy	Praca stacjonarna	Pełny etat, Umowa o pracę	skipped_title
https://www.pracuj.pl/praca/stazystka-stazysta-w-dziale-online-communications-warszawa-ulica-inflancka-4c,oferta,1004738949	2026-04-08	Playwright: Pracuj.pl — PR & Communications	Stażystka / Stażysta w Dziale Online Communications	‌	Warszawa, Śródmieście	Praca hybrydowa	Umowa zlecenie	skipped_title
https://www.pracuj.pl/praca/starszy-specjalista-ds-marketingu-i-komunikacji-i-rzecznik-prasowy-k-m-n-warszawa-janusza-kurtyki-4,oferta,1004738879	2026-04-08	Playwright: Pracuj.pl — PR & Communications	Starszy Specjalista ds. Marketingu i Komunikacji i Rzecznik Prasowy (k/m/n)	Aldesa Polska Services Sp. z o.o.	Warszawa, Mokotów	Praca hybrydowa	Pełny etat, Umowa o pracę	skipped_title
https://www.pracuj.pl/praca/b2b-marketing-product-manager-k-m-warszawa,oferta,1004735248	2026-04-08	Playwright: Pracuj.pl — PR & Communications	B2B Marketing Product Manager (k/m)	Pluxee Polska Sp. z o.o.	Warszawa	Praca hybrydowa	Pełny etat, Umowa o pracę	skipped_title
https://www.pracuj.pl/praca/staz-w-dziale-marketingu-obszar-zarzadzania-marka-warszawa-zelazna-51-53,oferta,1004723860	2026-04-08	Playwright: Pracuj.pl — PR & Communications	Staż w Dziale Marketingu (obszar zarządzania marką)	JTI Polska sp. z o.o.	Warszawa, Wola	Praca hybrydowa	Pełny etat, Część etatu, Umowa zlecenie	skipped_title
https://www.pracuj.pl/praca/ekspert-ekspertka-ds-segmentu-klienta-zamoznego-jakosc-brand-warszawa-stanislawa-zaryna-2a,oferta,1004740654	2026-04-08	Playwright: Pracuj.pl — PR & Communications	Ekspert / Ekspertka ds. Segmentu Klienta Zamożnego - Jakość & Brand	Bank Millennium S.A.	Warszawa, Mokotów	Praca hybrydowa	Pełny etat, Umowa o pracę	skipped_title
https://www.pracuj.pl/praca/asystent-ka-dzialu-marketingu-i-komunikacji-warszawa-konstruktorska-12a,oferta,1004739831	2026-04-08	Playwright: Pracuj.pl — PR & Communications	Asystent/ka działu marketingu i komunikacji	EPP SPÓŁKA Z OGRANICZONĄ ODPOWIEDZIALNOŚCIĄ	Warszawa, Mokotów	Praca hybrydowa	Pełny etat, Umowa o pracę	skipped_title
https://www.pracuj.pl/praca/specjalista-ds-komunikacji-i-mediow-spolecznosciowych-k-m-os-warszawa-aleje-jerozolimskie-134,oferta,1004736789	2026-04-08	Playwright: Pracuj.pl — PR & Communications	Specjalista ds. Komunikacji i Mediów Społecznościowych (k/m/os)	DOZ S.A.	Warszawa, Ochota	Praca stacjonarna	Pełny etat, Umowa o pracę	added
https://www.pracuj.pl/praca/specjalista-specjalistka-ds-promocji-ksiazek-warszawa-widok-8,oferta,1004728027	2026-04-08	Playwright: Pracuj.pl — PR & Communications	Specjalista/Specjalistka ds. promocji książek	Wydawnictwo Zwierciadło Sp. z o.o.	Warszawa, Śródmieście	Praca hybrydowa	Pełny etat, Kontrakt B2B	skipped_title
https://www.pracuj.pl/praca/manager-ds-public-relations-warszawa,oferta,1004749778	2026-04-08	Playwright: Pracuj.pl — PR & Communications	Manager ds. public relations	LOYALTY SOLUTIONS sp. z o.o. SK	Cała Polska (praca zdalna)	praca zdalna	Pełny etat, Umowa o pracę, Kontrakt B2B	added
https://www.pracuj.pl/praca/starszy-specjalista-starsza-specjalistka-ds-organizacji-wydarzen-warszawa-chmielna-69,oferta,1004749617	2026-04-08	Playwright: Pracuj.pl — PR & Communications	Starszy specjalista / Starsza specjalistka ds. organizacji wydarzeń	AGENCJA BADAŃ MEDYCZNYCH	Warszawa, Śródmieście	Praca stacjonarna	Pełny etat	skipped_title
https://www.pracuj.pl/praca/marketing-lead-warszawa-fabryczna-5,oferta,1004746054	2026-04-08	Playwright: Pracuj.pl — PR & Communications	Marketing Lead	AS INBANK S.A.-ODDZIAŁ W POLSCE	Warszawa, Śródmieście	Praca hybrydowa	Pełny etat, Umowa o pracę	skipped_title
https://www.pracuj.pl/praca/starszy-specjalista-starsza-specjalistka-ds-public-relations-warszawa-dluga-16,oferta,1004702637	2026-04-08	Playwright: Pracuj.pl — PR & Communications	Starszy specjalista / Starsza specjalistka ds. public relations	PR Hub Sp. z o.o.	Warszawa, Śródmieście	Praca hybrydowa	Pełny etat, Umowa o pracę, Kontrakt B2B	added
https://www.pracuj.pl/praca/specjalista-specjalistka-ds-seo-warszawa-komitetu-obrony-robotnikow-70,oferta,1004701367	2026-04-08	Playwright: Pracuj.pl — PR & Communications	Specjalista / Specjalistka ds. SEO	LOXONE POLAND SP. Z O.O.	Warszawa, Włochy	Praca stacjonarna	Pełny etat, Umowa o pracę	skipped_title
https://www.pracuj.pl/praca/specjalista-specjalistka-ds-marketingu-warszawa,oferta,1004700576	2026-04-08	Playwright: Pracuj.pl — PR & Communications	Specjalista / Specjalistka ds. marketingu	SOLARTECH sp. z o.o.	Warszawa	Praca stacjonarna	Pełny etat, Umowa o pracę, Umowa zlecenie, Kontrakt B2B	skipped_title
https://www.pracuj.pl/praca/specjalista-specjalistka-ds-public-relations-warszawa-stanislawa-noakowskiego-12,oferta,1004742138	2026-04-08	Playwright: Pracuj.pl — PR & Communications	Specjalista / Specjalistka ds. public relations	OKK! PR	Warszawa, Śródmieście	Praca stacjonarna	Pełny etat, Umowa o pracę, Kontrakt B2B	added
https://www.pracuj.pl/praca/stazyst-k-a-w-dziale-komunikacji-warszawa,oferta,1004730493	2026-04-08	Playwright: Pracuj.pl — Komunikacja	Stażyst(k)a w Dziale Komunikacji	Superoferta	Warszawa	Praca hybrydowa	Pełny etat	skipped_title
https://www.pracuj.pl/praca/specjalista-specjalistka-ds-komunikacji-wewnetrznej-warszawa,oferta,1004727539	2026-04-08	Playwright: Pracuj.pl — Komunikacja	Specjalista / Specjalistka ds. komunikacji wewnętrznej	Klient Pracuj.pl	Warszawa	Praca stacjonarna	Pełny etat, Umowa o pracę	added
https://www.pracuj.pl/praca/mlodszy-a-specjalista-ka-ds-komunikacji-crm-warszawa-krakowiakow-78,oferta,1004756417	2026-04-08	Playwright: Pracuj.pl — Komunikacja	Młodszy/-a Specjalista/-ka ds. Komunikacji CRM	CASTORAMA POLSKA	Warszawa, Włochy	Praca hybrydowa	Pełny etat, Umowa o pracę	skipped_content
https://www.pracuj.pl/praca/ekspert-ka-ds-komunikacji-satelitarnej-warszawa-kolska-12,oferta,1004755908	2026-04-08	Playwright: Pracuj.pl — Komunikacja	Ekspert/-ka ds. komunikacji satelitarnej	NASK	Warszawa, Wola	Praca hybrydowa	Pełny etat, Umowa o pracę	skipped_content
https://www.pracuj.pl/praca/praktykantka-praktykant-w-wydziale-komunikacji-wewnetrznej-w-departamencie-komun-warszawa,oferta,1004755325	2026-04-08	Playwright: Pracuj.pl — Komunikacja	Praktykantka/ Praktykant w Wydziale Komunikacji Wewnętrznej w Departamencie Komunikacji Korporacyjnej	PGE Polska Grupa Energetyczna	Warszawa	Praca stacjonarna	Pełny etat	skipped_title
https://www.pracuj.pl/praca/mlodszy-specjalista-mlodsza-specjalistka-ds-komunikacji-i-tresci-sektor-medyczny-warszawa-tytusa-chalubinskiego-8,oferta,1004724922	2026-04-08	Playwright: Pracuj.pl — Komunikacja	Młodszy Specjalista / Młodsza Specjalistka ds. Komunikacji i Treści (sektor medyczny)	OGÓLNOPOLSKA IZBA GOSPODARCZA WYROBÓW MEDYCZNYCH "POLMED"	Warszawa, Śródmieście	Praca stacjonarna	Pełny etat, Umowa o pracę	added
https://www.pracuj.pl/praca/specjalistka-specjalista-ds-rozwoju-komunikacji-cyfrowej-voice-i-czat-warszawa-chmielna-89,oferta,1004747765	2026-04-08	Playwright: Pracuj.pl — Komunikacja	Specjalistka / Specjalista ds. rozwoju komunikacji cyfrowej voice i czat	PKO Bank Polski SA	Warszawa, Wola	Praca hybrydowa	Pełny etat, Umowa o pracę	skipped_title
https://www.pracuj.pl/praca/ekspert-ekspertka-ds-komunikacji-i-edukacji-bezpieczenstwa-warszawa,oferta,1004747622	2026-04-08	Playwright: Pracuj.pl — Komunikacja	Ekspert / Ekspertka ds. Komunikacji i Edukacji Bezpieczeństwa	Polpharma S.A.	Warszawa	Praca hybrydowa	Pełny etat, Umowa o pracę	added
https://www.pracuj.pl/praca/ekspert-ekspertka-ds-jakosci-i-komunikacji-sprzedazy-contact-center-warszawa,oferta,1004753248	2026-04-08	Playwright: Pracuj.pl — Komunikacja	Ekspert / Ekspertka ds. jakości i komunikacji sprzedaży (Contact Center)	CONFILOGI GROUP sp. z o.o.	Cała Polska (praca zdalna)	praca zdalna, Praca hybrydowa	Kontrakt B2B	skipped_title
https://www.pracuj.pl/praca/specjalista-specjalistka-ds-komunikacji-w-bankowosci-elektronicznej-ux-writer-warszawa-stanislawa-zaryna-2a,oferta,1004703203	2026-04-08	Playwright: Pracuj.pl — Komunikacja	Specjalista / Specjalistka ds. Komunikacji w Bankowości Elektronicznej (UX Writer)	Bank Millennium S.A.	Warszawa, Mokotów	Praca hybrydowa	Pełny etat, Umowa o pracę	skipped_title
https://www.pracuj.pl/praca/ekspert-ekspertka-ds-komunikacji-katalogowej-warszawa-targowa-72,oferta,1004744534	2026-04-08	Playwright: Pracuj.pl — Komunikacja	Ekspert / Ekspertka ds. Komunikacji Katalogowej	Carrefour Polska Sp z o.o.	Warszawa, Praga-Północ	Praca hybrydowa	Pełny etat, Umowa o pracę	skipped_content
https://www.pracuj.pl/praca/analityk-kredytowy-analityczka-kredytowa-klient-strategiczny-technologia-komunik-warszawa-zubra-1,oferta,1004734944	2026-04-08	Playwright: Pracuj.pl — Komunikacja	Analityk Kredytowy / Analityczka Kredytowa- Klient Strategiczny (Technologia, Komunikacja, Usługi Medyczne)	Bank Pekao	Warszawa, Wola	Praca hybrydowa	Pełny etat, Umowa o pracę	skipped_title
https://www.pracuj.pl/praca/specjalista-specjalistka-ds-marketingu-i-komunikacji-stara-iwiczna-pow-piaseczynski-kolejowa-13,oferta,1004739913	2026-04-08	Playwright: Pracuj.pl — Komunikacja	Specjalista / Specjalistka ds. Marketingu i Komunikacji	TROX POLSKA sp. z o.o.		Praca stacjonarna	Pełny etat, Umowa o pracę	skipped_title
https://www.pracuj.pl/praca/specjalista-specjalista-ds-komunikacji-marketingowej-warszawa-domaniewska-42,oferta,1004696922	2026-04-08	Playwright: Pracuj.pl — Komunikacja	Specjalista / Specjalista ds. Komunikacji Marketingowej	Leadenhall Insurance S.A.	Warszawa, Mokotów	Praca hybrydowa	Pełny etat, Kontrakt B2B	added
https://www.pracuj.pl/praca/specjalista-ds-komunikacji-i-kontaktu-z-mediami-k-m-warszawa-sienna-73,oferta,1004718899	2026-04-08	Playwright: Pracuj.pl — Komunikacja	Specjalista ds. komunikacji i kontaktu z mediami (k/m)	Polska Agencja Nadzoru Audytowego	Warszawa, Wola	Praca hybrydowa	Pełny etat	added
https://www.pracuj.pl/praca/kierownik-czka-zespolu-system-komunikacji-rzadowej-warszawa-kolska-12,oferta,1004716173	2026-04-08	Playwright: Pracuj.pl — Komunikacja	Kierownik/czka Zespołu System Komunikacji Rządowej	NASK	Warszawa, Wola	Praca hybrydowa	Pełny etat, Umowa o pracę	skipped_title
https://www.pracuj.pl/praca/stanowisko-ds-dokumentacji-it-i-komunikacji-k-m-warszawa,oferta,1004731296	2026-04-08	Playwright: Pracuj.pl — Komunikacja	Stanowisko ds. dokumentacji IT i komunikacji​ (k/m)	PKP Polskie Linie Kolejowe S.A	Warszawa	Praca stacjonarna	Pełny etat, Umowa o pracę	skipped_title
https://www.pracuj.pl/praca/ekspert-ds-komunikacji-spoleczne-j-k-m-warszawa,oferta,1004713963	2026-04-08	Playwright: Pracuj.pl — Komunikacja	Ekspert ds. komunikacji społeczne​j (k/m)	PKP Polskie Linie Kolejowe S.A	Warszawa	Praca stacjonarna	Pełny etat, Umowa o pracę	added
https://www.pracuj.pl/praca/asystent-asystentka-biura-i-wsparcia-komunikacji-warszawa-lotewska-17,oferta,1004742117	2026-04-08	Playwright: Pracuj.pl — Komunikacja	Asystent/Asystentka biura i wsparcia komunikacji	UTILA sp. z o.o.	Warszawa, Praga-Południe	Praca stacjonarna	Pełny etat, Umowa o pracę, Umowa zlecenie, Kontrakt B2B	skipped_title
https://www.pracuj.pl/praca/specjalistka-specjalista-w-wydziale-komunikacji-wewnetrznej-i-identyfikacji-wizu-warszawa-aleksandra-krywulta-2,oferta,1004712267	2026-04-08	Playwright: Pracuj.pl — Komunikacja	specjalistka/specjalista w Wydziale Komunikacji Wewnętrznej i Identyfikacji Wizualnej w Biurze Zarządzania Wiedzą i Historii Dyplomacji.	Ministerstwo Spraw Zagranicznych	Warszawa, Śródmieście	Praca stacjonarna	Pełny etat, Umowa o pracę	added
https://www.pracuj.pl/praca/specjalista-specjalistka-ds-marketingu-i-komunikacji-warszawa,oferta,1004706132	2026-04-08	Playwright: Pracuj.pl — Komunikacja	Specjalista / Specjalistka ds. Marketingu i Komunikacji	TUZ UBEZPIECZENIA	Warszawa	Praca hybrydowa	Pełny etat, Umowa o pracę	skipped_title
https://www.pracuj.pl/praca/starszy-specjalista-ds-komunikacji-zewnetrznej-k-m-n-warszawa,oferta,1004704779	2026-04-08	Playwright: Pracuj.pl — Komunikacja	Starszy Specjalista ds. Komunikacji Zewnętrznej (k/m/n)	Adamed Pharma S.A.	Warszawa	Praca hybrydowa	Pełny etat, Umowa o pracę	added
https://www.pracuj.pl/praca/platny-staz-w-dziale-komunikacji-korporacyjnej-k-m-warszawa-jutrzenki-105,oferta,1004704665	2026-04-08	Playwright: Pracuj.pl — Komunikacja	Płatny Staż w Dziale Komunikacji Korporacyjnej (k/m)	Robert Bosch Sp. z o.o.	Warszawa, Włochy	Praca hybrydowa	Część etatu, Umowa zlecenie	skipped_title
https://www.pracuj.pl/praca/glowny-specjalista-glowna-specjalistka-ds-marketingu-i-komunikacji-korporacyjnej-warszawa-topiel-12,oferta,1004735176	2026-04-08	Playwright: Pracuj.pl — Komunikacja	Główny Specjalista/Główna Specjalistka ds. Marketingu i Komunikacji Korporacyjnej (k/m/n)	SYSTEM GAZOCIĄGÓW TRANZYTOWYCH "EUROPOL GAZ" S.A.	Warszawa, Śródmieście	Praca stacjonarna	Pełny etat, Umowa o pracę	added
https://www.pracuj.pl/praca/starszy-specjalista-starsza-specjalistka-ds-komunikacji-warszawa-prosta-51,oferta,1004734301	2026-04-08	Playwright: Pracuj.pl — Komunikacja	Starszy specjalista / Starsza specjalistka ds. komunikacji	CSR Consulting Małgorzata Greszta	Warszawa, Wola	Praca hybrydowa	Pełny etat, Umowa o pracę	added
https://www.pracuj.pl/praca/specjalista-specjalistka-ds-komunikacji-zewnetrznej-warszawa,oferta,1004699080	2026-04-08	Playwright: Pracuj.pl — Komunikacja	Specjalista / Specjalistka ds. Komunikacji Zewnętrznej	‌	Warszawa	Praca hybrydowa	Pełny etat, Umowa o pracę	added
https://www.pracuj.pl/praca/mlodszy-specjalista-mlodsza-specjalistka-ds-marketingu-i-komunikacji-warszawa-heliotropow-15,oferta,1004730723	2026-04-08	Playwright: Pracuj.pl — Komunikacja	Młodszy specjalista / Młodsza specjalistka ds. marketingu i komunikacji	ESTGEN sp. z o.o.	Warszawa, Wawer	Praca hybrydowa	Pełny etat, Umowa o pracę	skipped_title
https://www.pracuj.pl/praca/specjalista-specjalistka-ds-marketingu-i-komunikacji-warszawa-migdalowa-4,oferta,1004699364	2026-04-08	Playwright: Pracuj.pl — Komunikacja	Specjalista / Specjalistka ds. marketingu i komunikacji	KIDS INSPIRATIONS SPÓŁKA Z OGRANICZONĄ ODPOWIEDZIALNOŚCIĄ	Warszawa, Ursynów	Praca stacjonarna, Praca hybrydowa	Pełny etat, Umowa o pracę	skipped_title
https://www.pracuj.pl/praca/specjalista-ka-ds-komunikacji-i-mediow-spolecznosciowych-warszawa,oferta,1004698387	2026-04-08	Playwright: Pracuj.pl — Komunikacja	Specjalista/ka ds. komunikacji i mediów społecznościowych	Fundacja JiM	Warszawa	Praca stacjonarna	Pełny etat, Umowa o pracę	added
https://www.pracuj.pl/praca/kierownik-kierowniczka-dzialu-komunikacji-naukowej-i-promocji-warszawa-ksiecia-janusza-64,oferta,1004728005	2026-04-08	Playwright: Pracuj.pl — Komunikacja	Kierownik / Kierowniczka Działu Komunikacji Naukowej i Promocji	Instytut Geofizyki Polskiej Akademii Nauk	Warszawa, Wola	Praca stacjonarna, Praca hybrydowa	Pełny etat, Umowa o pracę	skipped_title
https://www.pracuj.pl/praca/specjalista-specjalistka-ds-marketingu-i-komunikacji-warszawa,oferta,1004712785	2026-04-08	Playwright: Pracuj.pl — Komunikacja	Specjalista / Specjalistka ds. Marketingu i Komunikacji	AKCES NCBR SPÓŁKA Z OGRANICZONĄ ODPOWIEDZIALNOŚCIĄ	Warszawa	Praca stacjonarna	Pełny etat, Umowa o pracę	skipped_title
https://www.pracuj.pl/praca/koordynatorka-koordynator-ds-komunikacji-zewnetrznej-warszawa,oferta,1004696694	2026-04-08	Playwright: Pracuj.pl — Komunikacja	Koordynatorka / Koordynator ds. Komunikacji Zewnętrznej	GRUPA PZU	Warszawa	Praca hybrydowa	Pełny etat, Umowa o pracę	added
https://www.pracuj.pl/praca/koordynator-ds-administracji-i-komunikacji-m-k-warszawa,oferta,1004693907	2026-04-08	Playwright: Pracuj.pl — Komunikacja	Koordynator ds. administracji i komunikacji (m/k)	ISS Polska	Warszawa	Praca stacjonarna	Pełny etat, Umowa o pracę	skipped_title
https://www.pracuj.pl/praca/specjalista-specjalistka-ds-komunikacji-warszawa,oferta,1004717532	2026-04-08	Playwright: Pracuj.pl — Komunikacja	Specjalista / Specjalistka ds. komunikacji	Fundacja Wielka Orkiestra Świątecznej Pomocy	Warszawa	Praca stacjonarna	Pełny etat, Umowa o pracę	added
https://www.pracuj.pl/praca/specjalista-specjalistka-ds-komunikacji-warszawa,oferta,1004715872	2026-04-08	Playwright: Pracuj.pl — Komunikacja	Specjalista / Specjalistka ds. komunikacji	OW POLSKA sp. z o.o.	Warszawa	Praca hybrydowa	Pełny etat, Kontrakt B2B	added
https://www.pracuj.pl/praca/specjalista-ds-komunikacji-k-m-warszawa,oferta,1004696904	2026-04-08	Playwright: Pracuj.pl — Komunikacja	Specjalista ds. Komunikacji (K/M)	Uniwersytet Warszawski	Warszawa	Praca stacjonarna	Pełny etat, Umowa o pracę	added
https://www.pracuj.pl/praca/podinspektor-inspektor-specjalista-glowny-specjalista-ds-komunikacji-spolecznej-zielonka-lipowa-5,oferta,1004696283	2026-04-08	Playwright: Pracuj.pl — Komunikacja	Podinspektor / Inspektor / Specjalista / Główny specjalista ds. komunikacji społecznej (k/m)	Urząd Miasta Zielonka		Praca stacjonarna	Pełny etat, Umowa o pracę	added
https://www.pracuj.pl/praca/mechanik-samochodowy-elektryk-elektronik-samochodowy-warszawa,oferta,1004739606	2026-04-08	Playwright: Pracuj.pl — Komunikacja	Mechanik Samochodowy Elektryk - Elektronik Samochodowy	Przedsiębiorstwo Komunikacji Samochodowej w Grodzisku Maz., Sp. z o. o.	Warszawa	Praca stacjonarna	Pełny etat, Umowa o pracę, Umowa zlecenie	skipped_title
https://www.pracuj.pl/praca/kierowca-kierowczyni-autobusu-kat-d-grodzisk-mazowiecki,oferta,1004739596	2026-04-08	Playwright: Pracuj.pl — Komunikacja	Kierowca / Kierowczyni autobusu (kat. D)	Przedsiębiorstwo Komunikacji Samochodowej w Grodzisku Maz., Sp. z o. o.			Pełny etat, Umowa o pracę, Umowa zlecenie	skipped_title
https://www.pracuj.pl/praca/kierowca-autobusu-miejskiego-m-k-n-kielpin-pow-warszawski-zachodni,oferta,1004728175	2026-04-08	Playwright: Pracuj.pl — Komunikacja	Kierowca autobusu miejskiego (m/k/n)	KOMUNIKACJA MIEJSKA ŁOMIANKI SP. Z O. O.			Pełny etat, Część etatu, Umowa o pracę	skipped_title
https://nofluffjobs.com/pl/job/social-media-specialist-social-media-ninja-it-virtuslab-remote	2026-04-08	Playwright: NoFluffJobs — PR & Communications	Social Media Specialist / Social Media Ninja (IT)	VirtusLab				skipped_title
https://nofluffjobs.com/pl/job/marketing-lead-marketing-owner-virtuslab-remote	2026-04-08	Playwright: NoFluffJobs — PR & Communications	Marketing Lead / Marketing Owner	VirtusLab				skipped_title
https://nofluffjobs.com/pl/job/digital-marketing-manager-seo-geo-with-german-sunzinet-remote	2026-04-08	Playwright: NoFluffJobs — PR & Communications	Digital Marketing Manager- SEO/GEO with German	Sunzinet				skipped_title
https://nofluffjobs.com/pl/job/senior-content-marketing-specialist-stx-next-remote	2026-04-08	Playwright: NoFluffJobs — PR & Communications	Senior Content Marketing Specialist	STX Next				skipped_title
https://nofluffjobs.com/pl/job/communication-specialist-tomczak-stanislawski-marketing-remote	2026-04-08	Playwright: NoFluffJobs — PR & Communications	Communication Specialist	Tomczak Stanisławski Marketing				skipped_title
https://nofluffjobs.com/pl/job/influencer-marketing-manager-bluebinary-remote	2026-04-08	Playwright: NoFluffJobs — PR & Communications	Influencer Marketing Manager	BLUEBINARY				skipped_title
https://nofluffjobs.com/pl/job/digital-marketing-growth-manager-link-group-remote	2026-04-08	Playwright: NoFluffJobs — PR & Communications	Digital Marketing & Growth Manager	Link Group				skipped_title
https://nofluffjobs.com/pl/job/content-writer-ai-topics-railsware-remote	2026-04-08	Playwright: NoFluffJobs — PR & Communications	Content Writer (AI topics)	Railsware				skipped_title
https://nofluffjobs.com/pl/job/product-marketing-manager-dtc-100-remote-premium-invention-limited	2026-04-08	Playwright: NoFluffJobs — PR & Communications	Product Marketing Manager - DTC - 100%	Premium Invention Limited				skipped_title
https://nofluffjobs.com/pl/job/remote-product-marketing-specialist-techmagic	2026-04-08	Playwright: NoFluffJobs — PR & Communications	Remote Product Marketing Specialist	TechMagic				skipped_title
https://nofluffjobs.com/pl/job/digital-marketing-manager-railsware-remote	2026-04-08	Playwright: NoFluffJobs — PR & Communications	Digital Marketing Manager	Railsware				skipped_title
https://nofluffjobs.com/pl/job/content-writer-b2b-tech-products-railsware-remote	2026-04-08	Playwright: NoFluffJobs — PR & Communications	Content Writer (B2B, tech products)	Railsware				skipped_title
https://nofluffjobs.com/pl/job/specjalista-ka-google-ads-antal-remote	2026-04-08	Playwright: NoFluffJobs — PR & Communications	Specjalista/ka Google Ads	Antal				skipped_title
https://nofluffjobs.com/pl/job/specjalista-ka-meta-ads-antal-remote	2026-04-08	Playwright: NoFluffJobs — PR & Communications	Specjalista/ka Meta Ads	Antal				skipped_title
https://nofluffjobs.com/pl/job/growth-marketing-manager-b2b-saas-railsware-remote	2026-04-08	Playwright: NoFluffJobs — PR & Communications	Growth Marketing Manager (B2B SaaS)	Railsware				skipped_title
https://nofluffjobs.com/pl/job/corporate-communications-specialist-consultant-k-m-antal-remote	2026-04-08	Playwright: NoFluffJobs — PR & Communications	Corporate Communications Specialist / Consultant K/M	Antal				added
https://nofluffjobs.com/pl/job/content-writer-titan-apps-railsware-remote	2026-04-08	Playwright: NoFluffJobs — PR & Communications	Content Writer (Titan Apps)	Railsware				skipped_title
https://nofluffjobs.com/pl/job/experienced-amazon-account-manager-100-remote-sculpd	2026-04-08	Playwright: NoFluffJobs — PR & Communications	Experienced Amazon Account Manager - 100%	Sculpd				skipped_title
https://nofluffjobs.com/pl/job/growth-performance-marketer-100-remote-voyage	2026-04-08	Playwright: NoFluffJobs — PR & Communications	Growth & Performance Marketer - 100%	Voyage				skipped_title
https://nofluffjobs.com/pl/job/marketing-operations-manager-social-and-community-adroit-group-remote	2026-04-08	Playwright: NoFluffJobs — PR & Communications	Marketing Operations Manager - Social and Community	Adroit Group				skipped_title
